userId,movieId,rating
202511062335057360,35864096,10.0
202511062335057360,36850049,10.0
200606032137529157,20438868,6.0
201012300409405581,36117739,7.0
202111062215259793,1471664,3.0
200606032137529157,11591789,2.0
200510031340554078,20451471,6.0
200512311253057210,1304596,1.0
202512210029575346,11528271,5.0
200512311253057210,3285295,7.0
200911311350029848,1294652,1.0
200807302034304950,36430861,9.0
200710301310252616,1294652,1.0
202011032135548131,35899025,2.0
202511092207286453,1451413,4.0
202503300705149447,1401331,2.0
202609300354311523,1460443,4.0
202201012233542224,2338068,2.0
200606032137529157,1293444,3.0
200909311522081064,3680627,9.0
202403202307092075,36226632,1.0
200207302242262237,3089298,5.0
200207302242262237,1779544,8.0
200310302059478174,35234581,8.0
200608120733246267,1471664,3.0
200810081834002870,35621135,9.0
200212282334226149,2009943,1.0
202403202307092075,25895278,5.0
201211202332517239,1307644,5.0
201503302357177109,25735493,4.0
200507071414404429,25829168,6.0
201512302337116750,35280803,6.0
200207302242262237,1693078,2.0
202103310056528661,5954626,2.0
202110090815588729,1306441,7.0
200810081834002870,35366666,7.0
201411092051378563,25980500,5.0
201407120327309176,1451413,6.0
202110090815588729,25895278,7.0
201310310709115213,1297608,10.0
200211040029035533,1437332,4.0
201503140144318363,1849003,9.0
201504302049198398,5152503,7.0
200810081834002870,5152503,2.0
202211172348465780,25829168,10.0
202110102245485591,3239720,2.0
202511091739207160,3080195,3.0
200303312104478696,25735493,3.0
201103312240553914,34802738,4.0
201310300055399651,1873751,10.0
200407251207248102,36741848,3.0
201112012029263590,1299485,3.0
200606032137529157,34802738,6.0
200711312245523481,3676858,3.0
202512210029575346,10577670,3.0
202201012233542224,25789352,2.0
202404240535312391,2060171,8.0
202211150406483405,1292813,7.0
200909311522081064,1299485,9.0
202212042202424880,1294652,4.0
200510031340554078,26846767,5.0
200902312127327126,1293086,2.0
200606032137529157,35274797,4.0
202610252153096158,3089298,8.0
202506292111274668,1293347,5.0
201410062156166705,25735493,3.0
200303312104478696,1768163,5.0
202110090815588729,26323540,3.0
202211150406483405,1294966,9.0
202507081503435583,1299485,8.0
200608120733246267,2062462,5.0
201012300409405581,20438868,5.0
200905020715377634,26612600,7.0
202208010116554827,25911681,9.0
200308301129586526,1297608,8.0
200610052146074152,1306441,8.0
201410062156166705,30242270,10.0
201311021716345718,1849003,6.0
202211312349408455,25980500,4.0
202512210029575346,35525841,9.0
202605292232581741,1298261,8.0
200911311350029848,27066172,3.0
200210310528212991,3676858,2.0
202511062335057360,1437332,6.0
201407120327309176,26594010,2.0
200610052146074152,3670229,5.0
200809312307503934,1849003,5.0
200512311253057210,1298029,6.0
202611312315443440,1297489,6.0
200707182048323791,1304568,10.0
200809312307503934,1693078,6.0
200711312245523481,1306665,4.0
201602171034276468,3177216,5.0
200202242212162406,25969461,8.0
200710110147438337,35496324,9.0
202006141525247198,1303064,9.0
202511091739207160,26846767,2.0
200405041320363141,2224990,4.0
201503302357177109,1298613,9.0
202511091739207160,5258042,2.0
202012012233156164,3676858,3.0
202506292111274668,35525841,7.0
202006141525247198,2060171,6.0
201104082131069353,35853358,2.0
202411251024066619,1759768,1.0
200905020715377634,25777330,9.0
202512210029575346,27066172,4.0
201503302357177109,35791995,6.0
202610252153096158,10439911,8.0
202609300354311523,20438868,5.0
200710301310252616,1960185,4.0
202006141525247198,1493738,2.0
202511091739207160,26612600,5.0
202503300705149447,11510612,9.0
202211150406483405,1292836,3.0
202512210029575346,35280803,7.0
201104082131069353,35700235,8.0
202611312315443440,24372055,1.0
200909311522081064,1294365,1.0
201503302357177109,36741848,3.0
200810282134107972,6539431,1.0
200807302034304950,1779544,9.0
202511091739207160,2979860,5.0
200711312245523481,36741848,7.0
202110090815588729,1305995,5.0
200510040933369996,1293831,9.0
202305182203135240,36126251,8.0
202509242311099710,3285295,8.0
202111132301361901,26593967,1.0
202212042202424880,1302489,3.0
202111132301361901,26593967,4.0
200207072046326657,33400513,7.0
200710301310252616,1416877,3.0
200608120733246267,37014911,6.0
200711312245523481,1307366,3.0
200612300429293659,27066172,5.0
200810081834002870,2979860,9.0
200911311350029848,30403257,4.0
200602061408045495,35083986,3.0
200202242212162406,3211468,5.0
200505140604354588,3676858,10.0
201407120327309176,20414554,3.0
202103310056528661,25777330,5.0
200809312307503934,1292702,5.0
200712072350076188,1305656,6.0
201112012029263590,1296320,9.0
202509242311099710,2979860,3.0
202610302057572136,1294652,5.0
200710200452458102,11510612,4.0
201310310709115213,5152503,9.0
200909311522081064,36226632,2.0
201407120327309176,1915382,5.0
201503140144318363,5258042,7.0
202110090815588729,25829168,9.0
202103310056528661,2063945,9.0
202605292232581741,1306441,7.0
201311021716345718,1401331,4.0
202411251024066619,1796752,1.0
200308301129586526,35899025,3.0
202302011303081029,1304897,5.0
200202242212162406,1915671,5.0
200809312307503934,1302489,2.0
201407120327309176,3274508,10.0
202512210029575346,35655934,2.0
200807302034304950,26594010,6.0
200710110147438337,1300807,2.0
200911311350029848,35700235,1.0
201311021716345718,34894021,10.0
202201012233542224,1307366,8.0
200505140604354588,2351650,5.0
201310300055399651,1292702,3.0
200211040029035533,35366666,2.0
200502240113171622,3274508,7.0
200807302034304950,1306441,10.0
202110090815588729,26593967,8.0
202403202307092075,26593967,7.0
200405041320363141,36850049,8.0
200710110147438337,2016214,9.0
202211312349408455,3081217,7.0
202302011303081029,26928209,6.0
200510211637224596,1292836,3.0
200712072350076188,2016214,8.0
200905020715377634,36658859,5.0
200608120733246267,1294365,7.0
200809312307503934,26612600,7.0
202411251024066619,1292836,7.0
201012300409405581,2009943,9.0
200310302059478174,1293086,9.0
201104082131069353,1304568,6.0
202211172348465780,1301744,7.0
200308301129586526,1297489,4.0
201407120327309176,26928209,10.0
201310300055399651,5954626,6.0
200308301129586526,1464345,6.0
200812312333063605,1298721,6.0
200211031910287270,35366666,6.0
200712072350076188,30403257,3.0
202012012233156164,1303533,3.0
202211312349408455,1303998,2.0
200510040933369996,1292457,8.0
200211031910287270,26729533,6.0
200207302242262237,1304812,5.0
200211040029035533,11528271,4.0
200909311522081064,34809114,1.0
202411251024066619,1307366,9.0
202610302057572136,1297608,1.0
200411312125336384,26593967,9.0
200510211637224596,10508901,1.0
202103310056528661,35467747,9.0
202307102057234458,25895278,4.0
201103312240553914,3089298,7.0
200905020715377634,1401331,4.0
200211031910287270,36246315,3.0
200510211637224596,26593967,4.0
200911311350029848,35496324,9.0
202511310118036708,1303533,8.0
202208010116554827,30397096,3.0
200610052146074152,20438868,2.0
202511310118036708,35791995,5.0
202411251024066619,1292702,2.0
201609312047261905,1863980,4.0
200804152301597442,1779544,1.0
201503302357177109,1292702,7.0
200405041320363141,3177216,10.0
201512302337116750,5152503,6.0
200510211637224596,34894021,9.0
200602061408045495,30371731,3.0
201012300409405581,24827612,6.0
202111132301361901,30397096,7.0
200507071414404429,27195204,7.0
201103312240553914,35655934,4.0
200905020715377634,1416877,3.0
200510211637224596,1308794,3.0
201512302337116750,36309116,8.0
200411312125336384,1296320,3.0
202111132301361901,2354771,8.0
202302011303081029,1876686,2.0
202208010116554827,1297489,3.0
200903072336534394,3680627,2.0
202305182203135240,26769592,10.0
200505140604354588,1300807,1.0
200212282334226149,1295406,8.0
200303312104478696,1302489,9.0
200512311253057210,3451746,2.0
202305182203135240,1308794,9.0
200505140604354588,1451413,7.0
200711311323177430,3007811,5.0
202411251024066619,3670229,7.0
202506292111274668,1300807,4.0
202610252153096158,25789352,1.0
202302011303081029,24748605,1.0
202211150406483405,1493738,4.0
200505140604354588,30172818,1.0
201010252102512338,1296073,6.0
200810282134107972,26306997,6.0
200602061408045495,2119423,4.0
200211292247188825,25789352,5.0
200308301129586526,1296320,8.0
201410062156166705,25835479,5.0
201103312240553914,1806571,5.0
201311021716345718,1304596,4.0
202012012233156164,26386434,6.0
201004080917129595,3211468,7.0
202103310056528661,11528271,7.0
200207302242262237,1308377,4.0
201410062156166705,25902304,4.0
200202242212162406,6539431,6.0
200902312127327126,3285295,2.0
200905020715377634,1296275,2.0
200211292247188825,36522402,4.0
200407251207248102,35280803,7.0
201012300409405581,25777330,5.0
201211202332517239,26593946,4.0
202503300705149447,4189670,5.0
200212282334226149,1305656,1.0
201609312047261905,25911681,8.0
200809312307503934,34809114,1.0
200207072046326657,24372055,4.0
200711312245523481,1863980,7.0
200602061408045495,34894021,7.0
202212042202424880,4817020,6.0
202011032135548131,33400513,2.0
202302011303081029,1915671,6.0
201004080917129595,1294652,8.0
202211150406483405,34954070,2.0
201411092051378563,5258042,9.0
200712072350076188,11591789,7.0
202110102245485591,33400513,5.0
201503140144318363,4817020,3.0
201004080917129595,1292457,2.0
202511062335057360,2060171,6.0
200909311522081064,36226632,7.0
201112012029263590,25829168,8.0
201609312047261905,1297489,9.0
202211150406483405,1300439,10.0
202610252153096158,10508901,4.0
201602171034276468,35467747,1.0
200711311323177430,35791995,2.0
201211202332517239,26593946,10.0
200303312104478696,24372055,6.0
202111132301361901,35280803,5.0
200710110147438337,2016214,4.0
202201012233542224,36117739,5.0
200202242212162406,2063945,6.0
200810081834002870,1464345,4.0
200712072350076188,2062462,9.0
200510040933369996,1304722,9.0
202011032135548131,30371731,2.0
200510040933369996,26323540,3.0
200810081834002870,1308377,1.0
202006141525247198,2060171,2.0
200210310528212991,26593967,9.0
200207302242262237,1304596,9.0
202507081503435583,2224990,4.0
200310302059478174,1298261,2.0
200606032137529157,1306441,5.0
200310302059478174,34809114,4.0
202006141525247198,10439911,6.0
200608120733246267,34997864,1.0
202111132301361901,35622210,3.0
200804152301597442,1796752,9.0
202103310056528661,1298670,1.0
200903072336534394,1308377,1.0
200211031910287270,3274508,5.0
202511092207286453,3274508,9.0
201602171034276468,24748605,8.0
200211031910287270,33400513,4.0
200407251207248102,25856480,10.0
200608120733246267,3053260,10.0
200407251207248102,20451471,5.0
200909311522081064,1302482,5.0
202411251024066619,1303998,9.0
202311121131527638,11528271,8.0
200610052146074152,1292813,8.0
200810282134107972,2119423,4.0
200505140604354588,1293086,1.0
202506292111274668,35274797,8.0
202211172348465780,25911681,1.0
200507071414404429,36430861,7.0
200211040029035533,25789352,10.0
202506292111274668,35525841,4.0
202211312349408455,1308377,2.0
201103312240553914,36658859,2.0
200810081834002870,26825482,3.0
200502240113171622,10439911,7.0
202211150406483405,1294365,8.0
202511092207286453,1303998,6.0
201103312240553914,1298721,9.0
201410062156166705,3081217,4.0
200710301310252616,11591789,4.0
200606032137529157,3081217,9.0
202211150406483405,34954070,6.0
200211040029035533,25777330,4.0
202311121131527638,1292702,5.0
200210310528212991,30172818,5.0
200502240113171622,25969461,8.0
201311021716345718,25777330,6.0
202110090815588729,1693078,7.0
202609300354311523,2016214,7.0
201602171034276468,36741848,5.0
200211031910287270,1460443,9.0
202103310056528661,1437332,10.0
202201012233542224,1779544,2.0
202201012233542224,30396302,2.0
202403202307092075,26593946,8.0
202110102245485591,30242270,8.0
202011032135548131,6537490,10.0
200211031910287270,2024935,4.0
202111062215259793,34454765,4.0
201503302357177109,25777330,2.0
200211292247188825,30242270,7.0
202403202307092075,26593967,8.0
201602171034276468,1308794,8.0
202211172348465780,4132899,3.0
200710110147438337,2062462,10.0
202609300354311523,1467585,10.0
200510211637224596,1305995,5.0
200712072350076188,1303064,4.0
202201012233542224,1915382,8.0
202403202307092075,1304897,8.0
202512210029575346,26752006,5.0
202610302057572136,25735493,7.0
202511092207286453,26752006,4.0
202506292111274668,1467585,6.0
201407120327309176,26593967,4.0
200810282134107972,36246315,3.0
200803032152562451,25735493,2.0
202506292111274668,26593967,4.0
200510211637224596,20451471,4.0
202503300705149447,3007811,2.0
200210310528212991,1467585,4.0
200711312245523481,35622210,5.0
202311121131527638,34954070,7.0
200810282134107972,3274508,5.0
201308052204187499,1304812,7.0
201211202332517239,1401331,8.0
201103312240553914,1302489,6.0
200207302242262237,1306441,4.0
200411312125336384,1293086,9.0
202110090815588729,1294652,4.0
200211292247188825,34997864,6.0
200606032137529157,1806571,9.0
200608120733246267,24827612,1.0
202011032135548131,10577670,3.0
200211031910287270,1299485,3.0
200507071414404429,2070586,2.0
202111132301361901,36126251,8.0
200804152301597442,1305656,3.0
202506292111274668,25835479,6.0
201310310709115213,1293444,9.0
200407251207248102,36430861,1.0
200308301129586526,1294652,8.0
200209290218572887,35467747,8.0
201012300409405581,35366666,2.0
200903072336534394,36658859,2.0
201004080917129595,35366666,7.0
202305182203135240,1915671,8.0
200810282134107972,11528271,9.0
201311021716345718,1292702,5.0
202110102245485591,35525841,8.0
202201012233542224,1297608,3.0
201411092051378563,30242270,5.0
202507081503435583,1292836,3.0
200202242212162406,11591789,10.0
200710301310252616,4132899,3.0
200211040029035533,1304858,2.0
200711311323177430,3080195,2.0
200407251207248102,1302489,1.0
200202242212162406,24372055,2.0
201407120327309176,1297489,9.0
202111132301361901,1302489,4.0
202201012233542224,25902304,10.0
200803032152562451,3081217,4.0
200810282134107972,26593946,1.0
201010252102512338,3080195,4.0
200211031910287270,5258042,7.0
200909311522081064,1300807,7.0
201112012029263590,1303533,5.0
202110102245485591,1296320,5.0
200909311522081064,1302489,7.0
202512210029575346,1304722,2.0
202404240535312391,1416877,6.0
200310302059478174,1873751,5.0
202611312315443440,30403257,8.0
200211040029035533,35791995,7.0
202208010116554827,24741638,9.0
201510172009341735,1298721,7.0
201012300409405581,2354771,7.0
202211312349408455,1305656,2.0
202511091739207160,2119423,2.0
202311121131527638,36126251,6.0
200405041320363141,2009943,4.0
201012300409405581,26593967,4.0
200608120733246267,10439911,3.0
202609300354311523,36850049,6.0
200909311522081064,25777330,2.0
200810282134107972,1300807,7.0
201407120327309176,1292836,7.0
200807302034304950,10508901,2.0
200810081834002870,2979860,3.0
200602061408045495,1304897,4.0
202302011303081029,3080195,9.0
200211040029035533,1768195,4.0
202006141525247198,1300807,7.0
201407120327309176,35791995,1.0
200712072350076188,2991782,10.0
200502240113171622,1308794,5.0
202503300705149447,35853358,10.0
202111062215259793,2024935,2.0
201211202332517239,3239720,2.0
200211031910287270,10577670,9.0
200608120733246267,1305995,6.0
200711312245523481,3007811,2.0
201503302357177109,35771832,2.0
200612300429293659,1768163,7.0
201111061335211420,1303533,9.0
202506292111274668,20438868,7.0
202511091739207160,1305656,6.0
201503140144318363,1467585,3.0
201602171034276468,1305952,9.0
202507081503435583,25789352,6.0
200710200452458102,30371731,1.0
202110090815588729,2009943,10.0
202208010116554827,10577670,9.0
202012012233156164,37014911,9.0
202311121131527638,20438868,5.0
201211202332517239,25902304,8.0
200710301310252616,1298721,5.0
202006141525247198,4910200,3.0
202511062335057360,10508901,1.0
202511091739207160,10577670,2.0
202511092207286453,2063945,8.0
202605292232581741,35655934,7.0
201004080917129595,1307644,4.0
200711312245523481,26928209,10.0
200212282334226149,36226632,4.0
202511092207286453,2070586,9.0
200711312245523481,26746803,6.0
200807302034304950,1293444,5.0
202201012233542224,1307366,3.0
201211202332517239,1806571,3.0
202509242311099710,1451413,8.0
201103312240553914,35083986,3.0
200710301310252616,1915671,3.0
201609312047261905,2351650,1.0
200407251207248102,1303533,2.0
200207302242262237,26594010,7.0
200712072350076188,1308377,6.0
202211150406483405,26593967,6.0
200804152301597442,1306665,7.0
202605292232581741,1876686,3.0
201111061335211420,25911681,8.0
200812312333063605,1303064,2.0
200710200452458102,36246315,4.0
200202242212162406,26928209,8.0
202311121131527638,34954070,9.0
202211172348465780,36309116,5.0
200911311350029848,1873751,8.0
201510172009341735,1960185,10.0
202511091739207160,20438868,3.0
200810282134107972,24372055,3.0
201103312240553914,1300807,6.0
200202242212162406,1308377,9.0
200211292247188825,1292836,5.0
200303312104478696,20438868,6.0
202211312349408455,35899025,7.0
200909311522081064,3274508,6.0
200510031340554078,1306665,4.0
202110102245485591,26729533,7.0
200308301129586526,20438868,6.0
200810081834002870,3177216,4.0
201308052204187499,3089298,7.0
201512302337116750,25777330,3.0
200209290218572887,36741848,9.0
202511092207286453,6537490,5.0
202311121131527638,1401331,1.0
202111132301361901,25735493,9.0
200411312125336384,2063945,9.0
202511310118036708,37014911,8.0
200207072046326657,1304722,10.0
200707182048323791,5187955,10.0
201411092051378563,1416877,10.0
200510040933369996,11510612,9.0
200407251207248102,1768195,3.0
202208010116554827,36430861,8.0
202208010116554827,25829168,5.0
202212042202424880,2016214,9.0
202110090815588729,1915382,10.0
200510211637224596,1304722,1.0
202110102245485591,1964510,5.0
202610252153096158,24827612,3.0
200807302034304950,1308794,5.0
200303312104478696,30172818,3.0
200512311253057210,1300807,7.0
200510031340554078,36117739,4.0
200608120733246267,1292702,8.0
200707182048323791,1451413,9.0
202012012233156164,35655934,2.0
202610252153096158,25835479,5.0
202111062215259793,1305995,7.0
201407120327309176,35771832,4.0
202305182203135240,2016214,2.0
200407251207248102,35899025,3.0
200207072046326657,1302482,10.0
202506292111274668,1304596,10.0
201411092051378563,1915671,2.0
201112012029263590,1693078,7.0
202211150406483405,35853358,7.0
200711311323177430,1307366,7.0
202302011303081029,36658859,8.0
200903072336534394,25835479,4.0
201407120327309176,26306997,2.0
200510031340554078,1292457,10.0
202507081503435583,1297608,5.0
202506292111274668,1296320,9.0
201308052204187499,3177216,3.0
202211172348465780,24741638,5.0
201510172009341735,1915382,9.0
200512311253057210,26593946,9.0
200807302034304950,1292836,4.0
200712072350076188,1305656,4.0
201308052204187499,35496324,1.0
202610252153096158,35771832,3.0
201010252102512338,1305656,3.0
200507071414404429,1294652,6.0
202307102057234458,2063945,9.0
202511310118036708,35083986,9.0
200209290218572887,1693078,6.0
200212282334226149,6539431,4.0
200310302059478174,25969461,8.0
200710301310252616,1296073,10.0
200812312333063605,1293831,7.0
202511062335057360,2354771,9.0
200407251207248102,20451471,9.0
200602061408045495,1467585,3.0
200711311323177430,26323540,3.0
200707182048323791,4189670,4.0
200303312104478696,1296275,2.0
202211150406483405,5152503,7.0
200612300429293659,25856480,7.0
200909311522081064,26593967,5.0
200909311522081064,26612600,7.0
200710200452458102,27195204,8.0
202509242311099710,35496324,4.0
202511310118036708,1294365,2.0
201407120327309176,3285295,5.0
201112012029263590,1873751,6.0
200212282334226149,3274508,8.0
202302011303081029,1304858,1.0
200212282334226149,24748605,4.0
200909311522081064,1794309,4.0
200308301129586526,3670229,9.0
200909311522081064,2354771,3.0
202211172348465780,2016214,6.0
200606032137529157,1464345,10.0
201609312047261905,36126251,3.0
200303312104478696,36117739,1.0
200512311253057210,1304596,4.0
200612300429293659,35621135,2.0
202307102057234458,1303064,4.0
200505140604354588,1451413,8.0
202609300354311523,25835479,5.0
202308302150492396,2063945,6.0
200610052146074152,1304858,5.0
202302011303081029,34954070,4.0
200803032152562451,35274797,2.0
200903072336534394,3274508,7.0
201308052204187499,2063945,5.0
202012012233156164,1292836,7.0
201609312047261905,26593967,5.0
202103310056528661,1296275,5.0
201407120327309176,2084510,7.0
202507081503435583,1294652,8.0
200411312125336384,3274508,10.0
200903072336534394,1460443,2.0
200507071414404429,10577670,3.0
200211292247188825,1759768,5.0
201104082131069353,35621135,2.0
202610302057572136,26593967,4.0
200905020715377634,1303998,2.0
201004080917129595,1297489,1.0
200602061408045495,2119423,6.0
202111062215259793,25789352,10.0
202509242311099710,1876686,2.0
200210310528212991,5187955,10.0
202611312315443440,1759768,4.0
200507071414404429,1305952,1.0
200211292247188825,1294365,2.0
202307102057234458,34954070,3.0
200510040933369996,3080195,7.0
200510040933369996,10577670,6.0
202212042202424880,1294652,5.0
200812312333063605,25902304,9.0
200909311522081064,2224990,9.0
202302011303081029,25969461,10.0
200804152301597442,2979860,10.0
200405041320363141,27195204,7.0
200707182048323791,1460443,9.0
202509242311099710,2991782,6.0
202503300705149447,1299485,1.0
200810081834002870,33400513,4.0
200212282334226149,3451746,1.0
201104082131069353,2991782,2.0
201310300055399651,30371731,5.0
200207072046326657,1304834,7.0
202012012233156164,1309137,4.0
200602061408045495,2991782,10.0
200903072336534394,1302482,4.0
202011032135548131,1863980,5.0
202511310118036708,26825482,9.0
200210310528212991,26593946,5.0
200610052146074152,11604102,8.0
200809312307503934,2991782,6.0
201010252102512338,26593967,3.0
201010252102512338,27066172,8.0
200902312127327126,10508901,6.0
200303312104478696,1292702,10.0
201310300055399651,11591789,10.0
200909311522081064,36309116,5.0
200207302242262237,2979860,10.0
202110102245485591,1294652,5.0
200608120733246267,1304858,3.0
202211150406483405,1298261,9.0
201211202332517239,1304568,8.0
201103312240553914,1307644,6.0
200210310528212991,10439911,3.0
200707182048323791,1304568,2.0
200207072046326657,1806571,1.0
202111062215259793,1493738,3.0
202404240535312391,1292813,6.0
202609300354311523,20393779,5.0
202110090815588729,1308377,3.0
200710200452458102,27066172,4.0
202208010116554827,35496324,3.0
200207072046326657,26825482,5.0
202006141525247198,1298261,4.0
202411251024066619,1309137,3.0
200809312307503934,20393779,5.0
202610252153096158,1304834,1.0
200911311350029848,34454765,8.0
201308052204187499,35467747,1.0
201512302337116750,3081217,3.0
200407251207248102,36522402,5.0
200711312245523481,1293347,7.0
202609300354311523,1471664,1.0
200612300429293659,6537490,8.0
200812312333063605,3081217,5.0
201602171034276468,26752006,4.0
200407251207248102,1308377,5.0
200209290218572887,2009943,10.0
202302011303081029,1298670,1.0
201512302337116750,3211468,9.0
200207072046326657,35621135,6.0
200810081834002870,5954626,6.0
201609312047261905,26846767,8.0
202605292232581741,1437332,2.0
201503140144318363,11528271,8.0
202511062335057360,1307366,10.0
202509242311099710,35771832,2.0
201504302049198398,26612600,5.0
202212042202424880,25789352,3.0
200902312127327126,1493738,10.0
200809312307503934,1876686,8.0
201111061335211420,1416877,5.0
201503302357177109,1296320,3.0
200303312104478696,36430861,2.0
202611312315443440,1308377,8.0
202511310118036708,2052172,10.0
202506292111274668,2040657,1.0
200807302034304950,2040657,8.0
201111061335211420,2062462,2.0
200711311323177430,1305952,8.0
202012012233156164,5187955,9.0
200807302034304950,1300807,4.0
200407251207248102,24827612,9.0
201104082131069353,1304722,4.0
201111061335211420,26593967,4.0
201407120327309176,1300439,8.0
201410062156166705,34954070,6.0
201104082131069353,3676858,4.0
200612300429293659,10439911,7.0
202610302057572136,2119423,4.0
202110090815588729,1789716,3.0
200207302242262237,26928209,5.0
202507081503435583,2009943,10.0
202511092207286453,36309116,8.0
200405041320363141,25895278,4.0
201010252102512338,1292836,6.0
201104082131069353,6537490,5.0
202609300354311523,5258042,2.0
202308302150492396,1876686,10.0
200606032137529157,1451413,7.0
201512302337116750,37014911,2.0
200903072336534394,1307366,6.0
202611312315443440,1451413,9.0
202511310118036708,1306114,6.0
202610302057572136,26594010,5.0
202609300354311523,1915671,6.0
200209290218572887,34997864,1.0
200803032152562451,3319744,3.0
202511062335057360,26386434,9.0
200502240113171622,3177216,10.0
201104082131069353,36117813,4.0
201311021716345718,1294966,4.0
200608120733246267,3680627,2.0
202307102057234458,26846767,4.0
200211292247188825,34894021,4.0
200804152301597442,3319744,7.0
200411312125336384,34454765,5.0
200211031910287270,2024935,2.0
200502240113171622,10508901,8.0
200606032137529157,36741848,9.0
202507081503435583,1302482,3.0
200512311253057210,1294365,7.0
200610052146074152,25911681,4.0
202011032135548131,25856480,2.0
202201012233542224,1307366,2.0
201510172009341735,3676858,7.0
201503302357177109,36117813,5.0
202305182203135240,1768195,4.0
200212282334226149,2991782,8.0
202610302057572136,4817020,8.0
200510040933369996,26306997,6.0
200711312245523481,6537490,6.0
200602061408045495,1768163,1.0
201112012029263590,1493738,8.0
202006141525247198,3053260,4.0
200308301129586526,35280803,5.0
202011032135548131,1789716,8.0
202609300354311523,26593967,4.0
202305182203135240,1298261,6.0
200610052146074152,26612600,1.0
201504302049198398,1294652,6.0
200711311323177430,36226632,9.0
200303312104478696,3211468,9.0
201311021716345718,1309137,6.0
200610052146074152,1768163,5.0
200903072336534394,4189670,9.0
200807302034304950,1298721,2.0
201512302337116750,6539431,2.0
202006141525247198,2070586,8.0
202609300354311523,1304596,3.0
200710301310252616,1304858,8.0
202511091739207160,1298721,6.0
200303312104478696,20393779,7.0
201411092051378563,1304722,5.0
200807302034304950,2063945,5.0
200610052146074152,1779544,10.0
200510211637224596,26729533,6.0
201104082131069353,30397096,5.0
201609312047261905,2062462,3.0
202111062215259793,1294966,8.0
201012300409405581,34809114,5.0
201103312240553914,25789352,3.0
200207072046326657,4189670,1.0
201211202332517239,36395045,1.0
201308052204187499,20451471,6.0
200810081834002870,3078571,5.0
201602171034276468,26593946,10.0
202403202307092075,1296320,1.0
202011032135548131,1304858,6.0
200909311522081064,1304834,6.0
200507071414404429,1467585,1.0
202311121131527638,1309137,9.0
201503140144318363,1296320,1.0
200310302059478174,2009943,4.0
200512311253057210,1298261,9.0
200310302059478174,1960185,5.0
201411092051378563,30172818,4.0
200804152301597442,4189670,3.0
202208010116554827,1297489,9.0
200610052146074152,30172818,5.0
200510211637224596,3081217,2.0
202611312315443440,36117739,8.0
202403202307092075,36395045,9.0
201103312240553914,36430861,7.0
200711312245523481,1796752,9.0
202506292111274668,26746803,1.0
200606032137529157,34809114,10.0
202503300705149447,1301744,9.0
200710200452458102,1297608,1.0
202609300354311523,24827612,1.0
201503302357177109,1292836,2.0
200810081834002870,1471664,8.0
202211172348465780,36117813,6.0
200308301129586526,1460443,5.0
200211040029035533,1300807,8.0
201512302337116750,1915382,3.0
200612300429293659,1471664,2.0
201510172009341735,26386434,5.0
202506292111274668,35366666,1.0
200810081834002870,4910200,5.0
200209290218572887,2084510,3.0
200207072046326657,1294966,9.0
200407251207248102,35525841,1.0
202103310056528661,25789352,9.0
202411251024066619,1299485,7.0
200505140604354588,25881781,4.0
200411312125336384,5258042,3.0
200807302034304950,1304858,8.0
200411312125336384,3007811,9.0
201602171034276468,1293347,9.0
202211312349408455,1296320,8.0
200510031340554078,10439911,2.0
202507081503435583,3053260,3.0
200411312125336384,1294966,9.0
201310310709115213,1292813,4.0
200505140604354588,26746803,7.0
201111061335211420,1768195,1.0
200610052146074152,1296073,7.0
201311021716345718,1292836,10.0
200510211637224596,25835479,8.0
200211040029035533,1876686,10.0
200710301310252616,1876686,3.0
202211172348465780,6537490,8.0
202512210029575346,2979860,8.0
200211040029035533,3007811,10.0
200310302059478174,36226632,3.0
200209290218572887,25835479,1.0
202511310118036708,1302482,7.0
201311021716345718,1873751,8.0
201111061335211420,3451746,10.0
201503140144318363,1768163,4.0
200911311350029848,20414554,6.0
202503300705149447,1304897,6.0
200711311323177430,1300439,9.0
202110090815588729,26594010,5.0
202404240535312391,1298029,2.0
200510040933369996,26593946,7.0
200505140604354588,34809114,4.0
201112012029263590,24741638,9.0
200710301310252616,35899025,9.0
200712072350076188,25969461,5.0
202609300354311523,26825482,2.0
200710110147438337,1303533,4.0
200902312127327126,1296073,10.0
200710110147438337,24372055,1.0
202506292111274668,5258042,6.0
202610252153096158,2062462,8.0
202503300705149447,1305952,5.0
200610052146074152,1292457,6.0
202511062335057360,1299485,7.0
201111061335211420,11528271,6.0
200505140604354588,1295406,7.0
202103310056528661,24827612,7.0
202403202307092075,1298721,7.0
200711311323177430,2991782,4.0
200809312307503934,1849003,5.0
202311121131527638,1300807,3.0
202212042202424880,1759768,2.0
202611312315443440,2084510,6.0
202307102057234458,35525841,5.0
201104082131069353,1873751,5.0
200505140604354588,1302482,4.0
200411312125336384,30371731,9.0
202403202307092075,2062462,9.0
202302011303081029,1300439,9.0
201609312047261905,1292836,8.0
200610052146074152,1306441,5.0
202506292111274668,5187955,5.0
202512210029575346,34997864,7.0
202211150406483405,1294652,1.0
202503300705149447,11510612,2.0
202507081503435583,34954070,9.0
201012300409405581,35083986,8.0
202201012233542224,2119423,2.0
201602171034276468,1292836,3.0
201503302357177109,26323540,7.0
200710110147438337,36309116,4.0
202507081503435583,2119423,8.0
200310302059478174,26928209,3.0
201103312240553914,1300439,3.0
201503302357177109,26594010,1.0
200505140604354588,25980500,7.0
200210310528212991,35621135,5.0
200407251207248102,1437332,3.0
200909311522081064,1292836,2.0
202511091739207160,1307644,5.0
202609300354311523,4189670,4.0
201310300055399651,3676858,3.0
200710110147438337,1306114,6.0
200210310528212991,1768163,4.0
202103310056528661,1293444,7.0
200810282134107972,36226632,6.0
200707182048323791,1876686,1.0
201004080917129595,36117813,6.0
200710200452458102,1471664,5.0
200807302034304950,34894021,9.0
202610252153096158,1849003,8.0
201311021716345718,27066172,3.0
200606032137529157,4817020,2.0
202111132301361901,3680627,6.0
200510031340554078,1303533,6.0
201310310709115213,34809114,10.0
202211312349408455,35864096,1.0
202111062215259793,11528271,6.0
201012300409405581,1863980,6.0
201510172009341735,1493738,9.0
201503302357177109,1300807,4.0
200810081834002870,4132899,4.0
200212282334226149,1294365,4.0
202211172348465780,1304812,5.0
200512311253057210,1960185,7.0
202610302057572136,1960185,6.0
200608120733246267,26825482,3.0
202509242311099710,26746803,6.0
200610052146074152,1298613,9.0
201004080917129595,3007811,6.0
200212282334226149,34894021,1.0
202201012233542224,1302489,7.0
201602171034276468,1296275,7.0
200707182048323791,27195204,7.0
201609312047261905,2040657,9.0
200608120733246267,34454765,3.0
200405041320363141,1299485,2.0
200711312245523481,2040657,2.0
202404240535312391,1464345,2.0
200807302034304950,1759768,6.0
200710200452458102,5187955,7.0
202211150406483405,30242270,8.0
201112012029263590,25881781,4.0
202511062335057360,36850049,4.0
201004080917129595,1849003,6.0
200407251207248102,3676858,2.0
201410062156166705,11591789,9.0
200610052146074152,1308794,3.0
201510172009341735,6537490,6.0
201211202332517239,36117813,1.0
200502240113171622,5258042,9.0
201308052204187499,1693078,5.0
201407120327309176,1295406,8.0
200207072046326657,35899025,4.0
200510211637224596,2354771,9.0
201103312240553914,4132899,8.0
200207302242262237,6537490,5.0
200911311350029848,1451413,2.0
201503140144318363,1298029,8.0
201407120327309176,5152503,7.0
200411312125336384,1303064,4.0
201311021716345718,1768163,6.0
202511310118036708,1304834,6.0
200512311253057210,25789352,4.0
200807302034304950,2351650,4.0
201311021716345718,36246315,5.0
201310300055399651,26271875,2.0
200207072046326657,1296073,5.0
200510211637224596,36309116,9.0
201112012029263590,1303064,3.0
200707182048323791,25789352,10.0
200804152301597442,3680627,4.0
202212042202424880,1693078,7.0
200207302242262237,35864096,8.0
200902312127327126,2060171,6.0
200812312333063605,35467747,1.0
202305182203135240,35622210,6.0
200308301129586526,1306665,8.0
200303312104478696,1464345,7.0
201410062156166705,10508901,7.0
201111061335211420,2052172,9.0
202511062335057360,1301744,8.0
202311121131527638,35853358,8.0
200308301129586526,1437332,2.0
200903072336534394,11604102,7.0
202305182203135240,1298261,4.0
202211172348465780,1779544,5.0
200711312245523481,1292702,6.0
200211292247188825,2084510,6.0
202111062215259793,35621135,9.0
201510172009341735,1863980,7.0
202211150406483405,26752006,2.0
202110102245485591,26271875,7.0
200507071414404429,1464345,9.0
202208010116554827,1294652,1.0
201504302049198398,3078571,5.0
201512302337116750,35853358,7.0
202403202307092075,30172818,5.0
201308052204187499,35771832,3.0
201211202332517239,3080195,9.0
200211031910287270,30396302,3.0
202012012233156164,26769592,4.0
202110102245485591,25735493,3.0
200510031340554078,34454765,3.0
201111061335211420,1806571,5.0
200711312245523481,34809114,5.0
202111062215259793,26271875,8.0
200211292247188825,26846767,6.0
202511062335057360,25881781,8.0
202111132301361901,1297489,7.0
200804152301597442,1304596,3.0
202610302057572136,1306665,4.0
202511310118036708,3089298,7.0
202208010116554827,36246315,8.0
200209290218572887,1296320,3.0
202311121131527638,1768195,5.0
201504302049198398,3451746,8.0
200510040933369996,20451471,5.0
202211312349408455,1307366,2.0
200507071414404429,1294365,7.0
200210310528212991,1305995,8.0
200606032137529157,4189670,7.0
200512311253057210,1305952,8.0
200809312307503934,1294365,10.0
200502240113171622,36430861,7.0
202507081503435583,1471664,2.0
200502240113171622,11591789,3.0
202509242311099710,36309116,7.0
200502240113171622,1416877,7.0
202509242311099710,26928209,2.0
201012300409405581,26746803,7.0
200308301129586526,35853358,7.0
200202242212162406,34894021,3.0
201410062156166705,1309137,9.0
200411312125336384,30403257,4.0
201012300409405581,36658859,7.0
200606032137529157,25856480,7.0
202211150406483405,1915382,3.0
200510040933369996,26752006,5.0
202311121131527638,4910200,7.0
200209290218572887,5954626,8.0
202511062335057360,1451413,6.0
201602171034276468,36522402,6.0
202411251024066619,1437332,3.0
202012012233156164,1300439,9.0
200512311253057210,1467585,9.0
200606032137529157,3211468,5.0
201504302049198398,1693078,3.0
201407120327309176,26746803,1.0
202211312349408455,35771832,1.0
202605292232581741,11591789,6.0
202308302150492396,35655934,3.0
200502240113171622,1305995,10.0
202511092207286453,35853358,4.0
200507071414404429,2338068,6.0
200804152301597442,34454765,9.0
200602061408045495,1304858,5.0
200510211637224596,36117739,2.0
201104082131069353,35083986,5.0
202509242311099710,1768195,3.0
202211172348465780,35366666,7.0
202110102245485591,1302489,9.0
201112012029263590,1298670,4.0
200502240113171622,1306441,4.0
201311021716345718,2119423,3.0
202512210029575346,26386434,8.0
202201012233542224,1806571,8.0
200211040029035533,2351650,9.0
200502240113171622,11591789,8.0
202006141525247198,2040657,5.0
202609300354311523,1308377,7.0
202605292232581741,35274797,8.0
202512210029575346,1304897,5.0
200211292247188825,25735493,2.0
201112012029263590,24748605,8.0
202511310118036708,1401331,5.0
201111061335211420,2979860,6.0
200507071414404429,30396302,4.0
200502240113171622,1794309,4.0
202507081503435583,25881781,9.0
201504302049198398,1294652,2.0
200510040933369996,30397096,8.0
200606032137529157,1304568,6.0
202503300705149447,1294966,1.0
202006141525247198,24748605,4.0
202511092207286453,2060171,8.0
201407120327309176,1300439,9.0
201308052204187499,1295406,5.0
202211172348465780,1915671,8.0
201111061335211420,2351650,2.0
200710301310252616,25856480,4.0
201310300055399651,1293444,4.0
202509242311099710,1296073,5.0
200810081834002870,1304812,8.0
202211172348465780,25980500,9.0
202610252153096158,2062462,10.0
202201012233542224,2009943,4.0
202307102057234458,35899025,7.0
202411251024066619,10577670,9.0
200909311522081064,20438868,9.0
200809312307503934,36117813,2.0
202212042202424880,2351650,4.0
202111062215259793,3676858,10.0
200211292247188825,34997864,10.0
201510172009341735,4189670,8.0
200602061408045495,1460443,4.0
200810081834002870,1294365,9.0
201112012029263590,1295406,8.0
202011032135548131,36658859,9.0
200210310528212991,1796752,5.0
202012012233156164,3177216,8.0
200707182048323791,1467585,1.0
202110090815588729,2024935,8.0
200510040933369996,1304897,7.0
200804152301597442,1303998,4.0
202512210029575346,11528271,6.0
202308302150492396,34954070,4.0
202212042202424880,26323540,7.0
202610302057572136,35853358,7.0
200212282334226149,1304812,3.0
201410062156166705,3211468,3.0
201602171034276468,1298261,3.0
200710200452458102,1307644,9.0
201503302357177109,1294365,10.0
202212042202424880,3451746,2.0
201510172009341735,1300439,8.0
202404240535312391,1305952,9.0
200809312307503934,1296275,5.0
202609300354311523,4817020,9.0
201012300409405581,2354771,5.0
200512311253057210,25902304,9.0
200507071414404429,1304722,2.0
200310302059478174,35791995,4.0
200510211637224596,3089298,9.0
200207302242262237,34809114,6.0
200909311522081064,3239720,5.0
200308301129586526,6537490,2.0
202503300705149447,1306114,8.0
200211292247188825,3680627,7.0
201504302049198398,26594010,2.0
201004080917129595,1806571,4.0
201410062156166705,35853358,2.0
201311021716345718,25835479,4.0
200608120733246267,3670229,9.0
200405041320363141,1467585,2.0
202305182203135240,1304812,8.0
200211040029035533,1298261,7.0
202503300705149447,1294966,5.0
201510172009341735,1460443,5.0
202509242311099710,2084510,8.0
200903072336534394,1303064,3.0
202111132301361901,6539431,8.0
201602171034276468,3053260,5.0
201308052204187499,3053260,4.0
201504302049198398,25911681,9.0
200211040029035533,35234581,2.0
202512210029575346,3007811,4.0
202605292232581741,1779544,6.0
200510031340554078,1295406,5.0
200911311350029848,26769592,5.0
200310302059478174,25881781,6.0
200505140604354588,2224990,8.0
202311121131527638,11528271,5.0
202506292111274668,10439911,1.0
202305182203135240,26612600,8.0
200510211637224596,34997864,10.0
202211172348465780,2351650,5.0
201602171034276468,1863980,3.0
200202242212162406,2979860,8.0
201310310709115213,3078571,9.0
202208010116554827,1796752,9.0
200902312127327126,1298721,6.0
200209290218572887,25881781,6.0
202403202307092075,1302489,5.0
200211040029035533,20451471,10.0
202605292232581741,1292702,6.0
200210310528212991,1768195,10.0
202012012233156164,1806571,6.0
202311121131527638,1305656,9.0
202610252153096158,1306114,8.0
200712072350076188,1308794,6.0
202609300354311523,1768163,1.0
202605292232581741,1306441,7.0
200507071414404429,24372055,3.0
200502240113171622,2979860,4.0
202506292111274668,25902304,10.0
202302011303081029,35467747,3.0
200211031910287270,1789716,5.0
202111062215259793,1806571,5.0
201111061335211420,1294966,5.0
200411312125336384,1304834,6.0
200812312333063605,25911681,10.0
202307102057234458,1416877,2.0
202211150406483405,1876686,2.0
202511310118036708,3680627,6.0
201410062156166705,35853358,3.0
202201012233542224,1304596,3.0
200710301310252616,36741848,9.0
200804152301597442,34454765,4.0
200710200452458102,30397096,10.0
202507081503435583,36430861,6.0
202211312349408455,1960185,5.0
200209290218572887,26729533,3.0
200411312125336384,1876686,2.0
200405041320363141,10508901,4.0
202509242311099710,1297608,9.0
200407251207248102,26386434,10.0
202609300354311523,35274797,4.0
201411092051378563,3053260,1.0
202509242311099710,11510612,6.0
202511091739207160,35771832,8.0
202611312315443440,30172818,4.0
202012012233156164,3451746,5.0
202305182203135240,1493738,3.0
200710200452458102,30397096,5.0
202511310118036708,2351650,9.0
202605292232581741,11604102,4.0
201004080917129595,5152503,4.0
202609300354311523,2070586,7.0
202111132301361901,25980500,7.0
202609300354311523,1806571,7.0
200202242212162406,1304858,8.0
201004080917129595,1759768,9.0
202610252153096158,20438868,3.0
201504302049198398,3680627,9.0
202211150406483405,3177216,6.0
200804152301597442,27066172,4.0
200210310528212991,2016214,7.0
200903072336534394,1493738,4.0
201111061335211420,37014911,8.0
201512302337116750,1296320,1.0
202610252153096158,35274797,2.0
202006141525247198,35083986,6.0
201103312240553914,3239720,10.0
202403202307092075,4189670,5.0
200207072046326657,35366666,9.0
200207302242262237,2991782,6.0
200812312333063605,20451471,4.0
201504302049198398,27066172,2.0
201512302337116750,1292836,2.0
200510211637224596,26746803,9.0
201609312047261905,1401331,4.0
202610302057572136,1298670,2.0
201111061335211420,35366666,7.0
200809312307503934,1297608,7.0
200903072336534394,25856480,8.0
202610252153096158,1796752,2.0
202103310056528661,30397096,10.0
201310310709115213,25856480,2.0
200909311522081064,1309137,5.0
202110090815588729,1806571,6.0
202211172348465780,1303998,7.0
202111132301361901,1298721,3.0
202012012233156164,1306114,6.0
202211172348465780,1297608,3.0
200804152301597442,1302482,8.0
200803032152562451,1306441,9.0
202610252153096158,2016214,7.0
202111132301361901,3285295,3.0
202311121131527638,36741848,4.0
200812312333063605,30371731,6.0
201112012029263590,34809114,3.0
200507071414404429,1304858,9.0
202609300354311523,1297608,7.0
202103310056528661,34997864,5.0
201510172009341735,1300807,5.0
202111132301361901,1768163,7.0
201411092051378563,2119423,1.0
202110090815588729,20393779,5.0
200209290218572887,30242270,4.0
202511091739207160,1293347,9.0
201503140144318363,1873751,10.0
200810081834002870,1849003,4.0
202507081503435583,36226632,5.0
200407251207248102,5152503,7.0
202511091739207160,36309116,8.0
200804152301597442,5258042,2.0
200712072350076188,2024935,8.0
202509242311099710,26593946,2.0
200602061408045495,1293086,8.0
200210310528212991,35621135,2.0
200809312307503934,26612600,1.0
202503300705149447,1300439,2.0
202201012233542224,1796752,10.0
202201012233542224,25789352,8.0
200711312245523481,1292836,2.0
202311121131527638,1876686,3.0
200803032152562451,20414554,9.0
200602061408045495,1305995,5.0
200411312125336384,1298613,7.0
202006141525247198,1464345,7.0
200710200452458102,1471664,2.0
201111061335211420,6537490,9.0
200606032137529157,1303533,6.0
200902312127327126,34997864,2.0
201602171034276468,4910200,8.0
202103310056528661,1305995,2.0
200210310528212991,11510612,9.0
202611312315443440,35655934,8.0
200710110147438337,1304722,6.0
202305182203135240,2979860,2.0
202403202307092075,1299485,4.0
200502240113171622,1464345,3.0
200804152301597442,1296073,2.0
202507081503435583,1303064,4.0
200903072336534394,35366666,5.0
201311021716345718,20438868,6.0
202012012233156164,26593946,5.0
200411312125336384,1401331,3.0
202011032135548131,1794309,7.0
201609312047261905,36850049,1.0
201503302357177109,30397096,7.0
200608120733246267,3007811,7.0
201308052204187499,35621135,8.0
201310310709115213,1759768,4.0
200507071414404429,1768163,7.0
202103310056528661,2991782,6.0
200710110147438337,1305995,9.0
200512311253057210,1768195,8.0
200803032152562451,36850049,6.0
202110090815588729,36226632,8.0
202512210029575346,1915671,2.0
202012012233156164,34454765,2.0
202311121131527638,25856480,8.0
202509242311099710,34454765,7.0
200303312104478696,1306114,5.0
201602171034276468,5954626,9.0
200602061408045495,1806571,10.0
200211292247188825,1293444,7.0
200202242212162406,2063945,9.0
200510031340554078,2338068,6.0
202302011303081029,2084510,8.0
201010252102512338,30397096,3.0
202012012233156164,5954626,8.0
200710110147438337,35234581,6.0
201103312240553914,2016214,6.0
202211150406483405,1304897,4.0
202609300354311523,30396302,6.0
201211202332517239,1297489,4.0
201411092051378563,1301744,5.0
200512311253057210,1298670,5.0
200612300429293659,35234581,4.0
200810081834002870,2040657,10.0
200911311350029848,2024935,10.0
200809312307503934,1296320,2.0
200310302059478174,1305952,1.0
202509242311099710,1437332,9.0
202411251024066619,3285295,9.0
200710200452458102,1789716,6.0
202311121131527638,36246315,7.0
201609312047261905,27066172,7.0
201410062156166705,2070586,5.0
200707182048323791,4910200,7.0
202212042202424880,25980500,7.0
201103312240553914,1293444,3.0
200809312307503934,2119423,8.0
200505140604354588,34997864,5.0
200602061408045495,1304568,1.0
200211040029035533,3007811,5.0
201211202332517239,3670229,1.0
202506292111274668,1298613,2.0
202403202307092075,1304858,3.0
200510211637224596,11510612,2.0
202201012233542224,34997864,9.0
202403202307092075,35083986,2.0
202511310118036708,25911681,7.0
200505140604354588,1300439,1.0
201407120327309176,34454765,4.0
200308301129586526,1300807,6.0
201310300055399651,34809114,6.0
200610052146074152,1873751,6.0
200209290218572887,34809114,2.0
200809312307503934,1779544,8.0
201012300409405581,25835479,2.0
202201012233542224,3285295,5.0
200308301129586526,1307366,8.0
202411251024066619,25980500,1.0
200407251207248102,2338068,3.0
202611312315443440,1296275,8.0
202403202307092075,35621135,3.0
202308302150492396,3089298,7.0
202111132301361901,1303998,4.0
202511310118036708,1297489,6.0
200710200452458102,2009943,2.0
200905020715377634,1293444,6.0
201503140144318363,35621135,3.0
202512210029575346,33400513,5.0
200211040029035533,24827612,7.0
202211172348465780,1768163,8.0
202307102057234458,26594010,8.0
202605292232581741,1467585,5.0
200710301310252616,3680627,1.0
200407251207248102,1294365,2.0
201503140144318363,1693078,4.0
202411251024066619,36741848,7.0
200608120733246267,26752006,5.0
200712072350076188,30172818,3.0
201512302337116750,6537490,1.0
202211172348465780,25902304,10.0
202006141525247198,5258042,7.0
200608120733246267,1304596,9.0
202507081503435583,3680627,1.0
200308301129586526,26752006,1.0
202506292111274668,34894021,8.0
201111061335211420,1304897,3.0
202511310118036708,1304897,3.0
201503140144318363,2016214,7.0
202211172348465780,10508901,4.0
201503140144318363,5152503,4.0
202609300354311523,1779544,2.0
200810282134107972,5954626,8.0
202212042202424880,1300807,3.0
200807302034304950,2354771,2.0
200810282134107972,35771832,3.0
202110090815588729,36226632,3.0
202305182203135240,4817020,7.0
202006141525247198,1303998,5.0
202506292111274668,1296275,4.0
201504302049198398,1437332,5.0
202307102057234458,26271875,3.0
200209290218572887,35280803,7.0
201609312047261905,26746803,9.0
200507071414404429,11528271,8.0
200809312307503934,25881781,5.0
202201012233542224,35700235,2.0
201310300055399651,1915382,4.0
200810081834002870,1296320,3.0
201104082131069353,1915671,10.0
201310310709115213,2016214,3.0
202111062215259793,1796752,3.0
202507081503435583,35083986,5.0
202509242311099710,33400513,4.0
202211150406483405,1298261,2.0
200608120733246267,2024935,3.0
202605292232581741,10439911,10.0
200804152301597442,26323540,7.0
200207302242262237,2338068,3.0
202111062215259793,36522402,5.0
201111061335211420,1493738,8.0
200202242212162406,35280803,8.0
201310300055399651,36395045,4.0
201211202332517239,3007811,8.0
201609312047261905,2040657,8.0
200405041320363141,35083986,5.0
202610302057572136,34802738,9.0
200211040029035533,1693078,9.0
202610252153096158,3676858,2.0
202103310056528661,1768163,4.0
202311121131527638,25881781,3.0
200711311323177430,25789352,3.0
201411092051378563,3053260,9.0
200510031340554078,2991782,6.0
202403202307092075,24741638,3.0
200710110147438337,24372055,5.0
201012300409405581,1304568,5.0
201308052204187499,2009943,1.0
200207302242262237,1292813,4.0
201010252102512338,11510612,3.0
200502240113171622,4817020,5.0
200310302059478174,34954070,4.0
200911311350029848,3177216,2.0
202506292111274668,1303533,10.0
201512302337116750,11528271,8.0
200905020715377634,3053260,3.0
200211040029035533,1915671,2.0
202610302057572136,1308794,2.0
202511310118036708,2060171,4.0
201010252102512338,2338068,9.0
202509242311099710,1294966,10.0
200608120733246267,20414554,6.0
201310310709115213,35083986,9.0
201112012029263590,1301744,3.0
200902312127327126,2070586,7.0
202208010116554827,2009943,9.0
200512311253057210,1307366,9.0
200303312104478696,35234581,5.0
200210310528212991,26594010,3.0
200407251207248102,1298613,5.0
200710200452458102,2009943,4.0
202507081503435583,1305656,6.0
201308052204187499,35899025,9.0
200407251207248102,36226632,7.0
201310300055399651,3274508,6.0
200911311350029848,26612600,7.0
201504302049198398,3081217,5.0
200407251207248102,1298261,8.0
200407251207248102,3319744,5.0
202506292111274668,1305952,4.0
200202242212162406,1307366,1.0
202506292111274668,20414554,2.0
201410062156166705,25969461,7.0
200207072046326657,1298613,3.0
200510040933369996,1294652,4.0
202110090815588729,35496324,10.0
202509242311099710,1876686,5.0
200209290218572887,34954070,2.0
201104082131069353,3676858,1.0
200810282134107972,3081217,1.0
200610052146074152,10577670,9.0
202201012233542224,26729533,8.0
202512210029575346,2119423,2.0
200812312333063605,1295406,2.0
200310302059478174,1401331,4.0
200608120733246267,1305952,2.0
200905020715377634,3670229,6.0
200411312125336384,1293086,7.0
202509242311099710,1294652,9.0
200505140604354588,10577670,1.0
202609300354311523,34997864,10.0
200803032152562451,1309137,7.0
202307102057234458,1300807,9.0
201308052204187499,4817020,4.0
202404240535312391,4817020,5.0
201010252102512338,1295406,5.0
202211150406483405,1293444,3.0
202511091739207160,1401331,2.0
200303312104478696,35280803,8.0
202507081503435583,2354771,8.0
201407120327309176,1964510,3.0
201503302357177109,2024935,2.0
202110102245485591,35899025,3.0
200807302034304950,35525841,6.0
201010252102512338,1303533,2.0
200810282134107972,1964510,4.0
202110090815588729,2009943,6.0
202111062215259793,1437332,5.0
200710301310252616,1796752,5.0
202110102245485591,35366666,3.0
200612300429293659,30403257,2.0
202208010116554827,34894021,6.0
201111061335211420,35853358,6.0
200212282334226149,35899025,3.0
200707182048323791,1306441,3.0
200905020715377634,36126251,1.0
200711311323177430,35467747,9.0
200612300429293659,3177216,5.0
200407251207248102,30397096,2.0
201004080917129595,1293444,6.0
201504302049198398,1303998,2.0
200911311350029848,36126251,7.0
200707182048323791,2040657,10.0
200310302059478174,26306997,1.0
200308301129586526,35274797,7.0
202305182203135240,3451746,3.0
200812312333063605,2119423,7.0
202212042202424880,26594010,8.0
202511310118036708,3211468,3.0
202507081503435583,26769592,10.0
200807302034304950,1305952,9.0
202610252153096158,20451471,6.0
202011032135548131,1292813,5.0
201104082131069353,2062462,6.0
200810282134107972,26729533,9.0
201012300409405581,25829168,6.0
201410062156166705,26271875,5.0
202511062335057360,27195204,6.0
201503302357177109,3239720,3.0
200209290218572887,1759768,10.0
202011032135548131,35366666,2.0
202211312349408455,26928209,9.0
202311121131527638,1306441,6.0
200804152301597442,3007811,2.0
202609300354311523,25835479,8.0
200407251207248102,1416877,5.0
200710301310252616,1303533,8.0
200212282334226149,26594010,1.0
200902312127327126,34954070,4.0
201609312047261905,1296073,4.0
202605292232581741,1305656,6.0
200905020715377634,1298613,10.0
201602171034276468,37014911,4.0
202012012233156164,26271875,3.0
200510211637224596,26593967,6.0
202411251024066619,1305952,8.0
201504302049198398,1296073,9.0
201510172009341735,1306114,6.0
202211150406483405,35274797,5.0
200610052146074152,24748605,2.0
201310310709115213,24748605,5.0
201407120327309176,1298721,9.0
200202242212162406,1794309,6.0
202212042202424880,1296073,4.0
200207072046326657,1309137,8.0
201012300409405581,1915382,1.0
201004080917129595,1293444,9.0
202503300705149447,3089298,8.0
202610252153096158,1304858,7.0
201410062156166705,6539431,8.0
200710110147438337,2979860,8.0
200612300429293659,25980500,4.0
201010252102512338,25735493,10.0
201609312047261905,24372055,5.0
202011032135548131,1293086,9.0
202307102057234458,1306114,6.0
200711311323177430,1437332,8.0
200610052146074152,1308377,4.0
202110102245485591,1296320,3.0
202103310056528661,25881781,8.0
202305182203135240,26306997,5.0
200212282334226149,1305995,5.0
201111061335211420,35700235,4.0
200310302059478174,35234581,2.0
202103310056528661,34997864,5.0
200405041320363141,11510612,6.0
200608120733246267,2224990,6.0
200510040933369996,1294966,4.0
200512311253057210,1304834,5.0
202610302057572136,3676858,4.0
200911311350029848,3177216,3.0
201410062156166705,2224990,9.0
201010252102512338,30397096,7.0
202404240535312391,1693078,5.0
202211150406483405,1464345,4.0
200710301310252616,30242270,1.0
201012300409405581,10508901,7.0
202111132301361901,35622210,6.0
200905020715377634,2040657,8.0
201410062156166705,35234581,7.0
202011032135548131,1768163,5.0
200512311253057210,35525841,4.0
202208010116554827,34809114,7.0
200207072046326657,1796752,8.0
200510040933369996,2084510,4.0
202110090815588729,36226632,6.0
201111061335211420,2119423,2.0
202012012233156164,1304897,9.0
201310310709115213,35083986,2.0
200905020715377634,27066172,3.0
202307102057234458,1304568,1.0
200710110147438337,20451471,8.0
200505140604354588,25789352,8.0
202103310056528661,36658859,3.0
200211040029035533,3081217,3.0
202610252153096158,1304568,2.0
202511310118036708,2040657,2.0
202507081503435583,1293347,3.0
200902312127327126,1915671,1.0
202302011303081029,26323540,4.0
200710110147438337,35622210,6.0
202511062335057360,1308794,2.0
200507071414404429,3177216,9.0
202512210029575346,30397096,6.0
202511092207286453,26752006,2.0
202403202307092075,25777330,9.0
200407251207248102,1302489,4.0
200303312104478696,26752006,6.0
201609312047261905,26593959,8.0
200303312104478696,2224990,2.0
202111062215259793,1307644,9.0
200711312245523481,3285295,8.0
200810081834002870,1309137,2.0
200610052146074152,30172818,2.0
200911311350029848,20393779,5.0
202208010116554827,5187955,5.0
201510172009341735,35280803,8.0
202208010116554827,26846767,4.0
200510031340554078,10508901,2.0
200610052146074152,1300439,9.0
201103312240553914,1873751,7.0
202403202307092075,35899025,2.0
202506292111274668,25969461,6.0
202208010116554827,2070586,7.0
202610252153096158,26746803,2.0
200911311350029848,11604102,4.0
202201012233542224,35853358,5.0
200207302242262237,36430861,5.0
202403202307092075,1464345,7.0
200608120733246267,1306441,3.0
202201012233542224,26323540,1.0
201407120327309176,26746803,8.0
202302011303081029,2119423,7.0
202403202307092075,26593959,9.0
201310310709115213,3274508,4.0
202211172348465780,11604102,3.0
200212282334226149,3211468,6.0
200902312127327126,20414554,6.0
201311021716345718,1794309,7.0
202511062335057360,4910200,8.0
202011032135548131,1460443,1.0
200209290218572887,5152503,5.0
200804152301597442,24827612,5.0
201211202332517239,2224990,3.0
202511310118036708,35496324,3.0
202509242311099710,3177216,1.0
200807302034304950,35791995,7.0
202610302057572136,35621135,6.0
200505140604354588,1294966,4.0
200212282334226149,1292702,3.0
200510211637224596,1298261,8.0
200612300429293659,1304897,1.0
200902312127327126,2084510,7.0
200902312127327126,1460443,10.0
200510211637224596,2052172,1.0
200507071414404429,36226632,3.0
201308052204187499,3274508,10.0
200804152301597442,34454765,9.0
202610302057572136,6539431,6.0
200308301129586526,36658859,2.0
200507071414404429,2024935,5.0
200810081834002870,1301744,9.0
200712072350076188,2063945,6.0
200803032152562451,2119423,2.0
200407251207248102,1298261,3.0
200510211637224596,34954070,8.0
200209290218572887,1759768,4.0
202211312349408455,26593946,5.0
200909311522081064,1915671,1.0
200905020715377634,36117739,7.0
200710110147438337,26769592,8.0
202211312349408455,1304834,9.0
201407120327309176,2016214,2.0
200710110147438337,26306997,4.0
201407120327309176,1759768,6.0
202404240535312391,2024935,8.0
202503300705149447,2024935,5.0
202111132301361901,3081217,10.0
200810081834002870,4910200,9.0
200711312245523481,26386434,4.0
201112012029263590,26386434,7.0
202308302150492396,1304722,6.0
202610302057572136,1471664,1.0
202411251024066619,25789352,7.0
200905020715377634,27066172,4.0
202212042202424880,2024935,7.0
200202242212162406,1298261,8.0
202211312349408455,1471664,2.0
202011032135548131,1460443,7.0
200909311522081064,1298721,9.0
202111062215259793,30172818,4.0
202610302057572136,1301744,9.0
200809312307503934,2119423,9.0
200809312307503934,3089298,3.0
200211040029035533,1307366,9.0
200211040029035533,1471664,6.0
200211031910287270,11591789,3.0
202012012233156164,1863980,2.0
202208010116554827,3211468,7.0
200211031910287270,20414554,5.0
200512311253057210,2063945,9.0
200512311253057210,26612600,8.0
202511092207286453,3211468,2.0
200211292247188825,25735493,10.0
202511092207286453,3451746,1.0
200303312104478696,25829168,10.0
201012300409405581,27195204,8.0
202509242311099710,1294966,5.0
201111061335211420,1301744,9.0
200505140604354588,1296320,4.0
200707182048323791,1300439,9.0
201609312047261905,1493738,3.0
200308301129586526,1915671,5.0
200711312245523481,5152503,7.0
202503300705149447,30242270,8.0
202507081503435583,35771832,6.0
202208010116554827,10508901,10.0
201103312240553914,1305656,5.0
202605292232581741,1306114,3.0
201012300409405581,2009943,5.0
200903072336534394,11528271,10.0
200405041320363141,2119423,2.0
200211292247188825,36117739,10.0
202305182203135240,25835479,9.0
202110090815588729,26386434,9.0
202208010116554827,1296320,2.0
202404240535312391,1306665,4.0
200512311253057210,25969461,5.0
201504302049198398,1863980,5.0
200202242212162406,3053260,5.0
202511092207286453,35771832,5.0
202503300705149447,34454765,8.0
200303312104478696,2991782,7.0
201503140144318363,2119423,9.0
201310310709115213,30371731,5.0
202302011303081029,1493738,4.0
200712072350076188,35525841,9.0
202110090815588729,1305952,8.0
202509242311099710,25911681,5.0
202610252153096158,26612600,7.0
202511310118036708,35771832,1.0
200712072350076188,26729533,6.0
200507071414404429,30397096,7.0
202610302057572136,35083986,4.0
202302011303081029,1297608,1.0
202308302150492396,4910200,3.0
202011032135548131,1768163,2.0
200606032137529157,26593959,5.0
201112012029263590,1915671,5.0
200710301310252616,1304858,6.0
200202242212162406,1299485,1.0
200710110147438337,36850049,7.0
200308301129586526,3319744,2.0
200308301129586526,3239720,3.0
201410062156166705,26825482,7.0
202111062215259793,25789352,1.0
202511091739207160,5152503,2.0
202111132301361901,3053260,8.0
200711311323177430,3451746,5.0
201411092051378563,1298721,9.0
200207072046326657,25881781,9.0
202103310056528661,3177216,8.0
200510040933369996,11528271,5.0
202511310118036708,35467747,2.0
201308052204187499,1294966,2.0
200608120733246267,1460443,3.0
202212042202424880,30172818,4.0
202208010116554827,2060171,8.0
200211040029035533,24372055,6.0
202110090815588729,25829168,9.0
202403202307092075,35700235,2.0
201510172009341735,5258042,5.0
200903072336534394,34802738,9.0
200411312125336384,3676858,5.0
200610052146074152,35366666,8.0
200207302242262237,25881781,3.0
200710301310252616,1451413,7.0
202110102245485591,1297608,6.0
200212282334226149,34809114,4.0
202605292232581741,25902304,3.0
200909311522081064,2084510,4.0
201411092051378563,26825482,8.0
200512311253057210,36658859,2.0
202411251024066619,26729533,2.0
202111132301361901,25789352,6.0
200807302034304950,35621135,3.0
200405041320363141,35621135,3.0
202011032135548131,30172818,3.0
200207072046326657,25895278,9.0
202211312349408455,1293444,6.0
200905020715377634,1306114,3.0
201310300055399651,2338068,6.0
201512302337116750,1293086,2.0
200712072350076188,10439911,6.0
202006141525247198,3080195,8.0
200610052146074152,34802738,5.0
200507071414404429,20451471,8.0
202110102245485591,1292702,7.0
200712072350076188,1294652,5.0
200710200452458102,1297489,10.0
200809312307503934,35274797,10.0
202110102245485591,1964510,3.0
201010252102512338,30403257,9.0
200903072336534394,4132899,10.0
201103312240553914,1693078,8.0
200505140604354588,37014911,8.0
202511310118036708,1293086,6.0
201310300055399651,35280803,7.0
202609300354311523,35621135,9.0
202611312315443440,25911681,9.0
200207302242262237,1806571,10.0
200810282134107972,2062462,8.0
202006141525247198,25835479,2.0
202311121131527638,3239720,8.0
202512210029575346,2979860,2.0
201510172009341735,1308377,5.0
202311121131527638,3285295,6.0
202610302057572136,3285295,9.0
202512210029575346,30397096,8.0
200810081834002870,36395045,5.0
200812312333063605,1304897,8.0
202302011303081029,26593959,6.0
200303312104478696,26593967,7.0
200711311323177430,25895278,2.0
200710200452458102,1306441,9.0
200502240113171622,2979860,6.0
200502240113171622,30242270,6.0
200211292247188825,1493738,3.0
200209290218572887,1296320,9.0
200905020715377634,1460443,3.0
202403202307092075,2070586,2.0
202201012233542224,2070586,2.0
200911311350029848,1302489,3.0
202111132301361901,1693078,3.0
201103312240553914,2052172,9.0
200911311350029848,1779544,4.0
200510031340554078,3451746,3.0
202511092207286453,5152503,10.0
200902312127327126,36430861,2.0
200710200452458102,36850049,2.0
202103310056528661,1416877,1.0
200810282134107972,26746803,7.0
200303312104478696,27066172,8.0
201211202332517239,36658859,8.0
201311021716345718,1307644,3.0
202211172348465780,30172818,3.0
200510211637224596,2979860,9.0
201111061335211420,1451413,3.0
202201012233542224,2016214,5.0
201111061335211420,35700235,4.0
200405041320363141,1304812,5.0
202211172348465780,36850049,9.0
201410062156166705,5152503,8.0
202302011303081029,36126251,4.0
202411251024066619,1303533,5.0
201111061335211420,3319744,7.0
200209290218572887,1873751,6.0
200308301129586526,25969461,8.0
202511062335057360,30403257,1.0
201311021716345718,36658859,4.0
200710200452458102,27195204,10.0
200809312307503934,10508901,8.0
201211202332517239,2040657,7.0
200903072336534394,30403257,4.0
202503300705149447,1768163,9.0
202609300354311523,11604102,3.0
200407251207248102,4189670,7.0
202006141525247198,10508901,7.0
200608120733246267,34954070,8.0
200211040029035533,2063945,9.0
202201012233542224,2063945,5.0
201103312240553914,26271875,3.0
200202242212162406,3285295,4.0
200710200452458102,3053260,6.0
202307102057234458,1306665,8.0
200202242212162406,36850049,2.0
202212042202424880,1794309,8.0
202212042202424880,1467585,5.0
202609300354311523,20438868,8.0
200707182048323791,34954070,6.0
200202242212162406,1789716,8.0
200610052146074152,36430861,4.0
200810081834002870,36126251,7.0
200303312104478696,5258042,2.0
200902312127327126,1296275,9.0
200209290218572887,1779544,7.0
200411312125336384,35771832,4.0
201012300409405581,4189670,4.0
200502240113171622,35467747,5.0
200803032152562451,1401331,7.0
202411251024066619,1876686,7.0
202110102245485591,26593959,8.0
202411251024066619,2351650,6.0
201503140144318363,26752006,4.0
202208010116554827,37014911,8.0
200810081834002870,10577670,10.0
200804152301597442,25835479,8.0
201504302049198398,26752006,1.0
200502240113171622,1451413,3.0
202610302057572136,2052172,3.0
202111062215259793,25881781,6.0
201004080917129595,1306114,3.0
200903072336534394,1416877,4.0
201211202332517239,2016214,2.0
201411092051378563,1464345,4.0
202208010116554827,5954626,1.0
200510211637224596,1292836,8.0
202211172348465780,1876686,7.0
200510031340554078,11510612,8.0
200411312125336384,1298029,7.0
202305182203135240,1768163,5.0
202404240535312391,1759768,3.0
200812312333063605,36309116,4.0
201104082131069353,26593967,6.0
200507071414404429,1297489,9.0
201410062156166705,11591789,7.0
201211202332517239,1304812,5.0
202103310056528661,1298670,7.0
201012300409405581,1464345,1.0
200211292247188825,1451413,4.0
202503300705149447,1302489,8.0
200612300429293659,3089298,4.0
200804152301597442,3081217,4.0
200510031340554078,1467585,5.0
201504302049198398,1460443,9.0
200510040933369996,1303998,9.0
202511062335057360,26320001,3.0
202511062335057360,1292063,6.0
